Synchro Skin Tinted Gel Cream SPF 30,Shiseido,#EACEB8,1,Very Light,40,gel cream,1.5,234,206,184
Synchro Skin Tinted Gel Cream SPF 30,Shiseido,#E1BF9B,2,Light,40,gel cream,1.5,225,191,155
Synchro Skin Tinted Gel Cream SPF 30,Shiseido,#DAAE84,3,Medium,40,gel cream,1.5,218,174,132
Synchro Skin Tinted Gel Cream SPF 30,Shiseido,#C5966F,4,Medium Dark,40,gel cream,1.5,197,150,111
Synchro Skin Tinted Gel Cream SPF 30,Shiseido,#B08256,5,Dark,40,gel cream,1.5,176,130,86
Synchro Skin Illuminator,Shiseido,#A8775A,NA,Pure Gold,35,illuminator,1.4,168,119,90
Synchro Skin Illuminator,Shiseido,#B0644D,NA,Rose Gold,35,illuminator,1.4,176,100,77
Inkstroke Eyeliner,Shiseido,#13090A,BK901,Shikkoku Black,30,eyeliner,0.15,19,9,10
Inkstroke Eyeliner,Shiseido,#363E42,GY902,Empitsu Grey,30,eyeliner,0.15,54,62,66
Inkstroke Eyeliner,Shiseido,#002C41,BL603,Konai Blue,30,eyeliner,0.15,0,44,65
Inkstroke Eyeliner,Shiseido,#2D473E,GR604,Shinrin Green,30,eyeliner,0.15,45,71,62
Inkstroke Eyeliner,Shiseido,#3E2435,VI605,Nasubi Purple,30,eyeliner,0.15,62,36,53
Inkstroke Eyeliner,Shiseido,#40231D,BR606,Kuromitsu Brown,30,eyeliner,0.15,64,35,29
Paperlight Cream Eye Color,Shiseido,#B06C8C,V1304,Shobu Purple,25,eye color,0.21,176,108,140
Paperlight Cream Eye Color,Shiseido,#5AB594,GR705,Hisui Green,25,eye color,0.21,90,181,148
Paperlight Cream Eye Color,Shiseido,#E88E82,OR707,Sango Coral,25,eye color,0.21,232,142,130
Paperlight Cream Eye Color,Shiseido,#95999C,GY908,Usuzumi Beige Gray,25,eye color,0.21,149,153,156
Rouge Rouge,Shiseido,#A01431,RD501,Ruby Copper,28,rouge,0.14,160,20,49
Rouge Rouge,Shiseido,#8F2E36,RD502,Real Ruby,28,rouge,0.14,143,46,54
Rouge Rouge,Shiseido,#730029,RD503,Bloodstone,28,rouge,0.14,115,0,41
Rouge Rouge,Shiseido,#81384C,RD504,Rouge Rum Punch,28,rouge,0.14,129,56,76
Rouge Rouge,Shiseido,#BE5362,RD305,Murrey,28,rouge,0.14,190,83,98
Rouge Rouge,Shiseido,#A73043,RD306,Liason,28,rouge,0.14,167,48,67
Rouge Rouge,Shiseido,#9A2639,RD307,First Bite,28,rouge,0.14,154,38,57
Rouge Rouge,Shiseido,#961532,RD308,Toffee Apple,28,rouge,0.14,150,21,50
Rouge Rouge,Shiseido,#CC5667,RD309,Coral Shore,28,rouge,0.14,204,86,103
Rouge Rouge,Shiseido,#C04460,RD310,Burning Up,28,rouge,0.14,192,68,96
Rouge Rouge,Shiseido,#B34757,RD311,Crime of Passion,28,rouge,0.14,179,71,87
Rouge Rouge,Shiseido,#AE1A30,RD312,Poppy,28,rouge,0.14,174,26,48
Rouge Rouge,Shiseido,#C57872,RD713,Hushed Tones,28,rouge,0.14,197,120,114
Rouge Rouge,Shiseido,#AA636C,RD714,Sweet Desire,28,rouge,0.14,170,99,108
Rouge Rouge,Shiseido,#965058,RD715,Rose Crush,28,rouge,0.14,150,80,88
Rouge Rouge,Shiseido,#A34D57,RD716,Red Queen,28,rouge,0.14,163,77,87
Rouge Rouge,Shiseido,#EB5C11,OR417,Fire Topaz,28,rouge,0.14,235,92,17
Rouge Rouge,Shiseido,#D74F97,RS418,Peruvian Pink,28,rouge,0.14,215,79,151
Rouge Rouge,Shiseido,#762A36,RD620,Curious Cassis,28,rouge,0.14,118,42,54
Rouge Rouge,Shiseido,#B48477,BR721,Rose Syrup,28,rouge,0.14,180,132,119
Rouge Rouge,Shiseido,#9B5644,BR322,Amber Afternoon,28,rouge,0.14,155,86,68
Rouge Rouge,Shiseido,#C77E65,BE323,Dusky Honey,28,rouge,0.14,199,126,101
Rouge Rouge,Shiseido,#CE8979,RD124,Desert Quartz,28,rouge,0.14,206,137,121
Total Radiance Foundation SPF 20,Shiseido,#F3CEAE,G1,Golden 1,90,foundation,1,243,206,174
Total Radiance Foundation SPF 20,Shiseido,#F2CBAC,G2,Golden 2,90,foundation,1,242,203,172
Total Radiance Foundation SPF 20,Shiseido,#F1C4A7,G3,Golden 3,90,foundation,1,241,196,167
Total Radiance Foundation SPF 20,Shiseido,#EBBB99,G4,Golden 4,90,foundation,1,235,187,153
Total Radiance Foundation SPF 20,Shiseido,#F2C9AB,N1,Neutral 1,90,foundation,1,242,201,171
Total Radiance Foundation SPF 20,Shiseido,#F2C5A8,N2,Neutral 2,90,foundation,1,242,197,168
Total Radiance Foundation SPF 20,Shiseido,#EBB593,N3,Neutral 3,90,foundation,1,235,181,147
Total Radiance Foundation SPF 20,Shiseido,#E9AE8C,N4,Neutral 4,90,foundation,1,233,174,140
Total Radiance Foundation SPF 20,Shiseido,#F2C5AB,R2,Rose 2,90,foundation,1,242,197,171
Total Radiance Foundation SPF 20,Shiseido,#E6B297,R3,Rose 3,90,foundation,1,230,178,151
Total Radiance Foundation SPF 20,Shiseido,#E1A386,R4,Rose 4,90,foundation,1,225,163,134
Sports BB WetForce SPF 50+,Shiseido,#DABB99,NA,Light,38,sunscreen,1,218,187,153
Sports BB WetForce SPF 50+,Shiseido,#D2AD89,NA,Medium,38,sunscreen,1,210,173,137
Sports BB WetForce SPF 50+,Shiseido,#C69F77,NA,Dark,38,sunscreen,1,198,159,119
Synchro Skin Lasting Liquid Foundation,Shiseido,#E8BC9A,N1,Neutral 1,45,foundation,1,232,188,154
Synchro Skin Lasting Liquid Foundation,Shiseido,#CE9F83,N2,Neutral 2,45,foundation,1,206,159,131
Synchro Skin Lasting Liquid Foundation,Shiseido,#BD957C,N3,Neutral 3,45,foundation,1,189,149,124
Synchro Skin Lasting Liquid Foundation,Shiseido,#B2866B,N4,Neutral 4,45,foundation,1,178,134,107
Synchro Skin Lasting Liquid Foundation,Shiseido,#C39984,R2,Rose 2,45,foundation,1,195,153,132
Synchro Skin Lasting Liquid Foundation,Shiseido,#BA907D,R3,Rose 3,45,foundation,1,186,144,125
Synchro Skin Lasting Liquid Foundation,Shiseido,#AA7E65,R4,Rose 4,45,foundation,1,170,126,101
Synchro Skin Lasting Liquid Foundation,Shiseido,#DCAF8C,G2,Golden 2,45,foundation,1,220,175,140
Synchro Skin Lasting Liquid Foundation,Shiseido,#BF9070,G3,Golden 3,45,foundation,1,191,144,112
Synchro Skin Lasting Liquid Foundation,Shiseido,#A97D5E,G4,Golden 4,45,foundation,1,169,125,94
Synchro Skin Lasting Liquid Foundation,Shiseido,#95684B,G5,Golden 5,45,foundation,1,149,104,75
Synchro Skin Lasting Liquid Foundation,Shiseido,#8A5C42,N5,Neutral 5,45,foundation,1,138,92,66
Synchro Skin Lasting Liquid Foundation,Shiseido,#976C59,R5,Rose 5,45,foundation,1,151,108,89
Synchro Skin Glow Luminizing Fluid Foundation,Shiseido,#E0C9AE,N1,Neutral 1,45,foundation,1,224,201,174
Synchro Skin Glow Luminizing Fluid Foundation,Shiseido,#DABC9C,N2,Neutral 2,45,foundation,1,218,188,156
Synchro Skin Glow Luminizing Fluid Foundation,Shiseido,#D1B395,N3,Neutral 3,45,foundation,1,209,179,149
Synchro Skin Glow Luminizing Fluid Foundation,Shiseido,#C09D7C,N4,Neutral 4,45,foundation,1,192,157,124
Synchro Skin Glow Luminizing Fluid Foundation,Shiseido,#A47152,N5,Neutral 5,45,foundation,1,164,113,82
Synchro Skin Glow Luminizing Fluid Foundation,Shiseido,#D6B79D,R2,Rose 2,45,foundation,1,214,183,157
Synchro Skin Glow Luminizing Fluid Foundation,Shiseido,#CEAB8F,R3,Rose 3,45,foundation,1,206,171,143
Synchro Skin Glow Luminizing Fluid Foundation,Shiseido,#C79F7C,R4,Rose 4,45,foundation,1,199,159,124
Synchro Skin Glow Luminizing Fluid Foundation,Shiseido,#B78D6F,R5,Rose 5,45,foundation,1,183,141,111
Synchro Skin Glow Luminizing Fluid Foundation,Shiseido,#D5BC98,G2,Golden 2,45,foundation,1,213,188,152
Synchro Skin Glow Luminizing Fluid Foundation,Shiseido,#D3BC96,G3,Golden 3,45,foundation,1,211,188,150
Synchro Skin Glow Luminizing Fluid Foundation,Shiseido,#D0AE81,G4,Golden 4,45,foundation,1,208,174,129
Synchro Skin Glow Luminizing Fluid Foundation,Shiseido,#C39668,G5,Golden 5,45,foundation,1,195,150,104
Full Lash Multi-Dimension Mascara,Shiseido,NA,NA,NA,27,mascara,0.29
Full Lash Multi-Dimension Mascara Waterproof,Shiseido,NA,NA,NA,27,mascara,0.25
Glow Enhancing Primer SPF 15,Shiseido,NA,NA,NA,30,primer,1
Radiant Lifting Foundation,Shiseido,#F4D8B7,I00,Very Light Ivory,45,foundation,1.2,244,216,183
Radiant Lifting Foundation,Shiseido,#E1C19B,I20,Natural Light Ivory,45,foundation,1.2,225,193,155
Radiant Lifting Foundation,Shiseido,#D8A77C,I40,Natural Fair Ivory,45,foundation,1.2,216,167,124
Radiant Lifting Foundation,Shiseido,#CC9C6E,I60,Natural Deep Ivory,45,foundation,1.2,204,156,110
Radiant Lifting Foundation,Shiseido,#DBB892,B20,Natural Light Beige,45,foundation,1.2,219,184,146
Radiant Lifting Foundation,Shiseido,#DAB08A,B40,Natural Fair Beige,45,foundation,1.2,218,176,138
Radiant Lifting Foundation,Shiseido,#CF9E71,B60,Natural Deep Beige,45,foundation,1.2,207,158,113
Radiant Lifting Foundation,Shiseido,#BC7B4F,B100,Very Deep Beige,45,foundation,1.2,188,123,79
Radiant Lifting Foundation,Shiseido,#DCB68F,O20,Natural Light Ochre,45,foundation,1.2,220,182,143
Radiant Lifting Foundation,Shiseido,#CAA27E,O40,Natural Fair Ochre,45,foundation,1.2,202,162,126
Radiant Lifting Foundation,Shiseido,#C69770,O60,Natural Deep Ochre,45,foundation,1.2,198,151,112
Radiant Lifting Foundation,Shiseido,#BC8A65,O80,Deep Ochre,45,foundation,1.2,188,138,101
Radiant Lifting Foundation,Shiseido,#9F6D48,D10,Golden Brown,45,foundation,1.2,159,109,72
Radiant Lifting Foundation,Shiseido,#8F6140,D20,Rich Brown,45,foundation,1.2,143,97,64
Radiant Lifting Foundation,Shiseido,#785238,D30,Very Rich Brown,45,foundation,1.2,120,82,56
Powdery Foundation,Shiseido,#EEC4AC,I00,Very Light Ivory,32,foundation,NA,238,196,172
Powdery Foundation,Shiseido,#E7BA9D,I20,Natural Light Ivory,32,foundation,NA,231,186,157
Powdery Foundation,Shiseido,#DEAC91,I40,Natural Fair Ivory,32,foundation,NA,222,172,145
Powdery Foundation,Shiseido,#CE8E78,I60,Natural Deep Ivory,32,foundation,NA,206,142,120
Powdery Foundation,Shiseido,#D8A890,B20,Natural Light Beige,32,foundation,NA,216,168,144
Powdery Foundation,Shiseido,#DBAC9A,B40,Natural Fair Beige,32,foundation,NA,219,172,154
Powdery Foundation,Shiseido,#D09887,B60,Natural Deep Beige,32,foundation,NA,208,152,135
Powdery Foundation,Shiseido,#E0AF86,O20,Natural Light Ochre,32,foundation,NA,224,175,134
Powdery Foundation,Shiseido,#E2B289,O40,Natural Fair Ochre,32,foundation,NA,226,178,137
Powdery Foundation,Shiseido,#D7A179,O60,Natural Deep Ochre,32,foundation,NA,215,161,121
Luminizing Satin Face Color,Shiseido,#CF7355,RD103,Petal,30,face color,0.22,207,115,85
Luminizing Satin Face Color,Shiseido,#E59282,PK304,Carnation,30,face color,0.22,229,146,130
Luminizing Satin Face Color,Shiseido,#DA8769,OR308,Starfish,30,face color,0.22,218,135,105
OnMakeup Spot Correcting Serum SPF 25,Shiseido,#DEB692,NL,Natural Light,40,concealer,0.16,222,182,146
OnMakeup Spot Correcting Serum SPF 25,Shiseido,#DCB28C,N,Natural,40,concealer,0.16,220,178,140
OnMakeup Spot Correcting Serum SPF 25,Shiseido,#C99A73,M,Medium,40,concealer,0.16,201,154,115
Full Lash Volume Mascara,Shiseido,#000000,BK901,Black,25,mascara,0.29,0,0,0
Full Lash Volume Mascara,Shiseido,#3C2814,BR602,Brown,25,mascara,0.29,60,40,20
Luminizing Satin Eye Color,Shiseido,#DBAD61,YE306,Solaris,25,eye color,0.07,219,173,97
Luminizing Satin Eye Color,Shiseido,#D1A173,GD810,Bullion,25,eye color,0.07,209,161,115
Luminizing Satin Eye Color,Shiseido,#A5B7BB,BL714,Fresco,25,eye color,0.07,165,183,187
Luminizing Satin Eye Color,Shiseido,#B8D6CE,GR222,Fondant,25,eye color,0.07,184,214,206
Luminizing Satin Eye Color,Shiseido,#88A6C6,BL223,Sky,25,eye color,0.07,136,166,198
Veiled Rouge,Shiseido,#C46B71,RD302,Rosalie,25,rouge,0.07,196,107,113
Veiled Rouge,Shiseido,#C38077,BE301,Carrera,25,rouge,0.07,195,128,119
Veiled Rouge,Shiseido,#E16467,OR303,Orangerie,25,rouge,0.07,225,100,103
Veiled Rouge,Shiseido,#F26068,PK304,Skyglow,25,rouge,0.07,242,96,104
Veiled Rouge,Shiseido,#E44F6C,PK405,Pomegranate,25,rouge,0.07,228,79,108
Veiled Rouge,Shiseido,#CC2C3B,RD506,Carnevale,25,rouge,0.07,204,44,59
Veiled Rouge,Shiseido,#A6404B,RD707,Mischief,25,rouge,0.07,166,64,75
Veiled Rouge,Shiseido,#BE4787,RS308,Sloe,25,rouge,0.07,190,71,135
